<?xml version="1.0" encoding="UTF-8"?>
<configuration debug="true">
    <!-- %m输出的信息,%p日志级别,%t线程名,%d日期,%c类的全名,,,, -->
    <property name="LOG_PATH" value="D:/logs/cons"/>
    <!--设置系统日志目录-->
    <property name="APPDIR" value="proc"/>

    <appender name="CONSOLE" class="ch.qos.logback.core.ConsoleAppender">
        <!--<pattern>%d %p (%file:%line\)- %m%n</pattern>-->
        <!--格式化输出：%d:表示日期    %thread:表示线程名     %-5level:级别从左显示5个字符宽度  %msg:日志消息    %n:是换行符-->
        <encoder>
            <pattern>1-%d{yyyy-MM-dd HH:mm:ss} [%thread] %-5level %logger - %msg%n</pattern>
        </encoder>
    </appender>

    <appender name="SYS_ERROR" class="ch.qos.logback.core.rolling.RollingFileAppender">
        <!-- 正在记录的日志文件的路径及文件名 -->
        <File>${LOG_PATH}/${APPDIR}/error/error.log</File>

        <!-- 追加方式记录日志 -->
        <append>true</append>
        <!--过滤器,只打ERROR级别的日志-->
        <filter class="ch.qos.logback.classic.filter.LevelFilter">
            <level>ERROR</level>
            <onMatch>ACCEPT</onMatch>
            <onMismatch>DENY</onMismatch>
        </filter>
        <!-- 日志记录器的滚动策略，按日期，按大小记录 -->
        <rollingPolicy class="ch.qos.logback.core.rolling.TimeBasedRollingPolicy">
            <!-- 归档的日志文件的路径，例如今天是2013-12-21日志，当前写的日志文件路径为file节点指定，可以将此文件与file指定文件路径设置为不同路径，从而将当前日志文件或归档日志文件置不同的目录。
           而2013-12-21的日志文件在由fileNamePattern指定。%d{yyyy-MM-dd}指定日期格式，%i指定索引 -->
            <fileNamePattern>${LOG_PATH}/${APPDIR}/error/log-error-%d{yyyy-MM-dd}.%i.log</fileNamePattern>
            <maxHistory>15</maxHistory>
            <!-- 除按日志记录之外，还配置了日志文件不能超过2M，若超过2M，日志文件会以索引0开始，
               命名日志文件，例如log-error-2013-12-21.0.log -->
            <timeBasedFileNamingAndTriggeringPolicy class="ch.qos.logback.core.rolling.SizeAndTimeBasedFNATP">
                <maxFileSize>20MB</maxFileSize>
            </timeBasedFileNamingAndTriggeringPolicy>
        </rollingPolicy>
        <!-- 日志文件的格式 -->
        <encoder>
            <pattern>[%d{yyyy-MM-dd HH:mm:ss.SSS}] %level [%thread] %file:%line - %msg%n</pattern>
        </encoder>
    </appender>

    <appender name="SYS_WARN" class="ch.qos.logback.core.rolling.RollingFileAppender">
        <!-- 正在记录的日志文件的路径及文件名 -->
        <file>${LOG_PATH}/${APPDIR}/warn/log_warn.log</file>
        <!-- 追加方式记录日志 -->
        <append>true</append>
        <!-- 此日志文件只记录info级别的 -->
        <filter class="ch.qos.logback.classic.filter.LevelFilter">
            <level>WARN</level>
            <onMatch>ACCEPT</onMatch>
            <onMismatch>DENY</onMismatch>
        </filter>
        <!-- 日志记录器的滚动策略，按日期，按大小记录 -->
        <rollingPolicy class="ch.qos.logback.core.rolling.TimeBasedRollingPolicy">
            <!-- 归档的日志文件的路径，例如今天是2013-12-21日志，当前写的日志文件路径为file节点指定，可以将此文件与file指定文件路径设置为不同路径，从而将当前日志文件或归档日志文件置不同的目录。
            而2013-12-21的日志文件在由fileNamePattern指定。%d{yyyy-MM-dd}指定日期格式，%i指定索引 -->
            <fileNamePattern>${LOG_PATH}/${APPDIR}/warn/log-warn-%d{yyyy-MM-dd}.%i.log</fileNamePattern>
            <!-- 除按日志记录之外，还配置了日志文件不能超过2M，若超过2M，日志文件会以索引0开始，
            命名日志文件，例如log-error-2013-12-21.0.log -->
            <timeBasedFileNamingAndTriggeringPolicy class="ch.qos.logback.core.rolling.SizeAndTimeBasedFNATP">
                <maxFileSize>20MB</maxFileSize>
            </timeBasedFileNamingAndTriggeringPolicy>
        </rollingPolicy>
        <!-- 日志文件的格式 -->
        <encoder>
            <pattern>===%d{yyyy-MM-dd HH:mm:ss.SSS} %-5level %logger Line:%-3L - %msg%n</pattern>
        </encoder>

    </appender>

    <appender name="SYS_INFO" class="ch.qos.logback.core.rolling.RollingFileAppender">
        <!-- 正在记录的日志文件的路径及文件名 -->
        <File>${LOG_PATH}/${APPDIR}/info/info.log</File>
        <append>true</append>
        <!--过滤器,只打INFO级别的日志-->
        <filter class="ch.qos.logback.classic.filter.LevelFilter">
            <level>INFO</level>
            <onMatch>ACCEPT</onMatch>
            <onMismatch>DENY</onMismatch>
        </filter>
        <rollingPolicy class="ch.qos.logback.core.rolling.TimeBasedRollingPolicy">
            <fileNamePattern>${LOG_PATH}/${APPDIR}/info/log-info-%d{yyyy-MM-dd}.%i.log</fileNamePattern>
            <maxHistory>15</maxHistory>
            <!-- 除按日志记录之外，还配置了日志文件不能超过2M，若超过2M，日志文件会以索引0开始，
            命名日志文件，例如log-error-2013-12-21.0.log -->
            <timeBasedFileNamingAndTriggeringPolicy class="ch.qos.logback.core.rolling.SizeAndTimeBasedFNATP">
                <maxFileSize>20MB</maxFileSize>
            </timeBasedFileNamingAndTriggeringPolicy>
        </rollingPolicy>

        <encoder>
            <pattern>[%d{yyyy-MM-dd HH:mm:ss.SSS}] %level [%thread] %file:%line - %msg%n</pattern>
        </encoder>
    </appender>

    <!-- show parameters for hibernate sql 专为 Hibernate 定制 -->
    <logger name="org.hibernate.type.descriptor.sql.BasicBinder" level="INFO" additivity="true">
        <appender-ref ref="CONSOLE"/>
    </logger>
    <logger name="org.hibernate.type.descriptor.sql.BasicExtractor" level="WARN" additivity="true">
        <appender-ref ref="CONSOLE"/>
    </logger>
    <logger name="org.hibernate.SQL" level="WARN" additivity="true">
        <appender-ref ref="CONSOLE"/>
    </logger>
    <logger name="org.hibernate.engine.QueryParameters" level="WARN" additivity="true">
        <appender-ref ref="CONSOLE"/>
    </logger>
    <logger name="org.hibernate.engine.query.HQLQueryPlan" level="WARN" additivity="true">
        <appender-ref ref="CONSOLE"/>
    </logger>

    <!--info和error分开打印-->
    <root level="info">
        <appender-ref ref="CONSOLE"/>
        <appender-ref ref="SYS_INFO"/>
        <appender-ref ref="SYS_ERROR"/>
        <appender-ref ref="SYS_WARN"/>
    </root>
</configuration>